{"plugins":{"cordova-plugin-geolocation":"C:\\Users\\Stella\\AppData\\Roaming\\npm\\node_modules\\cordova-simulate\\src\\plugins\\cordova-plugin-geolocation","exec":"C:\\Users\\Stella\\AppData\\Roaming\\npm\\node_modules\\cordova-simulate\\src\\plugins\\exec","events":"C:\\Users\\Stella\\AppData\\Roaming\\npm\\node_modules\\cordova-simulate\\src\\plugins\\events","cordova-plugin-device":"C:\\Users\\Stella\\AppData\\Roaming\\npm\\node_modules\\cordova-simulate\\src\\plugins\\cordova-plugin-device","cordova-plugin-battery-status":"C:\\Users\\Stella\\AppData\\Roaming\\npm\\node_modules\\cordova-simulate\\src\\plugins\\cordova-plugin-battery-status","cordova-plugin-camera":"C:\\Users\\Stella\\AppData\\Roaming\\npm\\node_modules\\cordova-simulate\\src\\plugins\\cordova-plugin-camera","cordova-plugin-network-information":"C:\\Users\\Stella\\AppData\\Roaming\\npm\\node_modules\\cordova-simulate\\src\\plugins\\cordova-plugin-network-information","cordova-plugin-vibration":"C:\\Users\\Stella\\AppData\\Roaming\\npm\\node_modules\\cordova-simulate\\src\\plugins\\cordova-plugin-vibration"},"files":{"C:\\Users\\Stella\\AppData\\Roaming\\npm\\node_modules\\cordova-simulate\\src\\modules\\argscheck.js":1740754038051,"C:\\Users\\Stella\\AppData\\Roaming\\npm\\node_modules\\cordova-simulate\\src\\modules\\db.js":1740754038078,"C:\\Users\\Stella\\AppData\\Roaming\\npm\\node_modules\\cordova-simulate\\src\\modules\\event.js":1740754038088,"C:\\Users\\Stella\\AppData\\Roaming\\npm\\node_modules\\cordova-simulate\\src\\modules\\polyfills.js":1740754038121,"C:\\Users\\Stella\\AppData\\Roaming\\npm\\node_modules\\cordova-simulate\\src\\modules\\utils.js":1740754038167,"C:\\Users\\Stella\\AppData\\Roaming\\npm\\node_modules\\cordova-simulate\\src\\modules\\sim-constants.js":1740754038134,"C:\\Users\\Stella\\AppData\\Roaming\\npm\\node_modules\\cordova-simulate\\src\\modules\\telemetry-helper.js":1740754038163,"C:\\Users\\Stella\\AppData\\Roaming\\npm\\node_modules\\cordova-simulate\\src\\modules\\exception.js":1740754038089,"C:\\Users\\Stella\\AppData\\Roaming\\npm\\node_modules\\cordova-simulate\\src\\modules\\xhr-proxy.js":1740754038172,"C:\\Users\\Stella\\AppData\\Roaming\\npm\\node_modules\\cordova-simulate\\src\\modules\\messages.js":1740754038117,"C:\\Users\\Stella\\AppData\\Roaming\\npm\\node_modules\\cordova-simulate\\src\\third-party\\jquery.min.js":1740754038104,"C:\\Users\\Stella\\AppData\\Roaming\\npm\\node_modules\\cordova-simulate\\src\\third-party\\socket.io.js":1740754038160,"C:\\Users\\Stella\\AppData\\Roaming\\npm\\node_modules\\cordova-simulate\\src\\third-party\\webcomponents.min.js":1740754038171,"C:\\Users\\Stella\\AppData\\Roaming\\npm\\node_modules\\cordova-simulate\\src\\modules\\sim-host\\sim-status.js":1740754038156,"C:\\Users\\Stella\\AppData\\Roaming\\npm\\node_modules\\cordova-simulate\\src\\sim-host\\ui\\sim-host.js":1740754038156,"C:\\Users\\Stella\\AppData\\Roaming\\npm\\node_modules\\cordova-simulate\\src\\modules\\sim-host\\dialog.js":1740754038085,"C:\\Users\\Stella\\AppData\\Roaming\\npm\\node_modules\\cordova-simulate\\src\\plugins\\exec\\sim-host.js":1740754038155,"C:\\Users\\Stella\\AppData\\Roaming\\npm\\node_modules\\cordova-simulate\\src\\plugins\\cordova-plugin-geolocation\\sim-host-handlers.js":1740754038134,"C:\\Users\\Stella\\AppData\\Roaming\\npm\\node_modules\\cordova-simulate\\src\\plugins\\cordova-plugin-geolocation\\sim-host.js":1740754038152,"C:\\Users\\Stella\\AppData\\Roaming\\npm\\node_modules\\cordova-simulate\\src\\plugins\\exec\\sim-host-handlers.js":1740754038134,"C:\\Users\\Stella\\AppData\\Roaming\\npm\\node_modules\\cordova-simulate\\src\\plugins\\events\\sim-host.js":1740754038155,"C:\\Users\\Stella\\AppData\\Roaming\\npm\\node_modules\\cordova-simulate\\src\\plugins\\cordova-plugin-battery-status\\sim-host-handlers.js":1740754038134,"C:\\Users\\Stella\\AppData\\Roaming\\npm\\node_modules\\cordova-simulate\\src\\plugins\\cordova-plugin-device\\sim-host.js":1740754038151,"C:\\Users\\Stella\\AppData\\Roaming\\npm\\node_modules\\cordova-simulate\\src\\plugins\\cordova-plugin-battery-status\\sim-host.js":1740754038147,"C:\\Users\\Stella\\AppData\\Roaming\\npm\\node_modules\\cordova-simulate\\src\\plugins\\cordova-plugin-device\\sim-host-handlers.js":1740754038134,"C:\\Users\\Stella\\AppData\\Roaming\\npm\\node_modules\\cordova-simulate\\src\\plugins\\cordova-plugin-network-information\\sim-host-handlers.js":1740754038134,"C:\\Users\\Stella\\AppData\\Roaming\\npm\\node_modules\\cordova-simulate\\src\\plugins\\cordova-plugin-network-information\\sim-host.js":1740754038154,"C:\\Users\\Stella\\AppData\\Roaming\\npm\\node_modules\\cordova-simulate\\src\\plugins\\cordova-plugin-camera\\sim-host.js":1740754038147,"C:\\Users\\Stella\\AppData\\Roaming\\npm\\node_modules\\cordova-simulate\\src\\plugins\\cordova-plugin-vibration\\sim-host-handlers.js":1740754038134,"C:\\Users\\Stella\\AppData\\Roaming\\npm\\node_modules\\cordova-simulate\\src\\sim-host\\ui\\custom-elements.js":1740754038077,"C:\\Users\\Stella\\AppData\\Roaming\\npm\\node_modules\\cordova-simulate\\src\\plugins\\cordova-plugin-geolocation\\PositionError.js":1740754038121,"C:\\Users\\Stella\\AppData\\Roaming\\npm\\node_modules\\cordova-simulate\\src\\plugins\\exec\\saved-sims.js":1740754038121,"C:\\Users\\Stella\\AppData\\Roaming\\npm\\node_modules\\cordova-simulate\\src\\plugins\\cordova-plugin-geolocation\\geo-model.js":1740754038101,"C:\\Users\\Stella\\AppData\\Roaming\\npm\\node_modules\\cordova-simulate\\src\\sim-host\\protocol\\socket.js":1740754038162,"C:\\Users\\Stella\\AppData\\Roaming\\npm\\node_modules\\cordova-simulate\\src\\plugins\\cordova-plugin-device\\device-model.js":1740754038081,"C:\\Users\\Stella\\AppData\\Roaming\\npm\\node_modules\\cordova-simulate\\src\\plugins\\cordova-plugin-battery-status\\battery.js":1740754038051,"C:\\Users\\Stella\\AppData\\Roaming\\npm\\node_modules\\cordova-simulate\\src\\plugins\\cordova-plugin-network-information\\network.js":1740754038121,"C:\\Users\\Stella\\AppData\\Roaming\\npm\\node_modules\\cordova-simulate\\src\\devices\\os-versions.json":1740754038180}}